Model,Precision (Macro),Recall (Macro),F1-score (Macro)
Decision Tree,0.06740670602780038,0.06973373310953482,0.06784033405459489
Random Forest,0.23600185476477079,0.08468187299729148,0.11398493776277004
Linear SVM,0.05627106268510862,0.07256462084472105,0.06116498116570395
MLP (ANN),0.2890605858256263,0.2707601454381052,0.27243915220358955
